{
    "resources": [
        {
            "name": "../webapp/model/models.js"
        },
        {
            "name": "../webapp/manifest.json"
        },
        {
            "name": "../webapp/i18n/i18n.properties",
            "raw": "i18n/i18n.properties"
        },
        {
            "name": "../webapp/controller/View1.controller.js"
        },
        {
            "name": "../webapp/Component.js"
        },
        {
            "name": "../webapp/manifest-bundle.zip"
        },
        {
            "name": "../webapp/Component-preload.js",
            "merged": true
        },
        {
            "name": "../webapp/controller/View1-dbg.controller.js",
            "isDebug": true
        },
        {
            "name": "../webapp/model/models-dbg.js",
            "isDebug": true
        },
        {
            "name": "../webapp/Component-dbg.js",
            "isDebug": true
        },
        {
            "name": "../../../sap-ui-version.json"
        },
        {
            "name": "../webapp/view/View1.view.xml"
        },
        {
            "name": "../webapp/css/style.css"
        },
        {
            "name": "../webapp/index.html"
        }
    ]
}