{
  "model/models-dbg.js": 1603131853505,
  "manifest.json": 1603133027925,
  "model/models.js": 1603131853505,
  "controller/View1.controller.js": 1603131853501,
  "Component.js": 1603131853501,
  "manifest-bundle.zip": 1603133027752,
  "Component-preload.js": 1603133027904,
  "controller/View1-dbg.controller.js": 1603131853501,
  "i18n/i18n.properties": 1603131853501,
  "Component-dbg.js": 1603131853501,
  "view/View1.view.xml": 1603131853505,
  "css/style.css": 1603131853501,
  "index.html": 1603131853501
}